{
                    "servers": [
                        {
                            "name": "appleJuiceNET.cc",
                            "ip": "knastbruder.applejuicenet.cc",
                            "port": 9855,
                            "lastseen": "2024-03-13T12:12:29+00:00"
                        },
                        {
                            "name": "..::aj-Server::.. appleJuiceNET.cc",
                            "ip": "aj-server.ddnss.de",
                            "port": 7001,
                            "lastseen": "2024-03-13T12:20:51+00:00"
                        },
                        {
                            "name": "Apple-Deluxe",
                            "ip": "apple-deluxe.ddns.net",
                            "port": 9855,
                            "lastseen": "2024-03-13T12:13:18+00:00"
                        },
                        {
                            "name": "Apfelkompott",
                            "ip": "chimera.goip.de",
                            "port": 9856,
                            "lastseen": "2024-03-13T12:13:27+00:00"
                        },
                        {
                            "name": "appleJuiceNET.cc",
                            "ip": "knastschwester.applejuicenet.cc",
                            "port": 9855,
                            "lastseen": "2024-03-13T12:12:20+00:00"
                        },
                        {
                            "name": "appleJuiceNET.cc",
                            "ip": "knastopa.applejuicenet.cc",
                            "port": 9855,
                            "lastseen": "2024-03-13T12:12:19+00:00"
                        },
                        {
                            "name": "moh's Taverne Zum Alten Saftsack",
                            "ip": "m0h.ddnss.de",
                            "port": 33210,
                            "lastseen": "2024-03-13T12:14:24+00:00"
                        },
                        {
                            "name": "Rainers AJ Server 1",
                            "ip": "rainer22.ddns.net",
                            "port": 9855,
                            "lastseen": "2024-03-13T12:17:49+00:00"
                        }
                    ]
}